Rank,Community,Score,Vitality,Equity,Economy,Eduation,Environment,Food & Nutrition,Population Health,Housing,Public Safety,Infrastructure
1,"Los Alamos County, New Mexico",100.0,71.2,85.4,76.1,71.2,91.0,58.2,98.4,91.3,87.2,86.6
2,"Douglas County, Colorado",92.0,80.6,63.7,87.4,66.5,84.5,60.4,95.5,62.0,72.7,93.2
3,"Falls Church city, Virginia",91.5,71.3,45.6,100.0,96.5,65.1,76.9,98.5,34.6,79.1,89.4
4,"Broomfield County, Colorado",87.4,71.8,54.3,96.2,70.6,76.0,55.9,88.2,66.0,68.2,95.4
5,"Routt County, Colorado",86.5,71.1,57.0,76.0,62.6,88.9,69.5,95.1,62.3,70.1,89.1
6,"Loudoun County, Virginia",85.7,80.2,49.7,90.9,82.8,61.9,65.6,90.2,52.4,81.1,72.7
7,"Carver County, Minnesota",85.7,75.3,51.6,97.4,79.9,71.0,44.1,86.0,70.0,75.3,80.9
8,"Pitkin County, Colorado",85.3,64.1,51.1,75.9,60.5,96.6,77.1,90.3,56.5,88.3,80.5
9,"Summit County, Colorado",84.3,61.1,50.9,76.1,74.4,100.0,67.7,96.4,32.8,78.3,93.1
10,"San Miguel County, Colorado",84.2,66.6,41.6,69.1,86.2,90.9,94.6,89.5,34.5,79.4,80.7
11,"Ozaukee County, Wisconsin",83.3,67.6,60.0,82.7,75.6,71.7,53.7,92.1,59.8,76.7,78.1
12,"Hamilton County, Indiana",83.1,77.8,56.4,93.4,78.1,58.6,40.9,83.6,64.0,77.1,85.5
13,"Sioux County, Iowa",82.8,64.6,64.7,72.1,68.9,73.7,53.8,90.9,73.7,78.5,79.6
14,"Delaware County, Ohio",82.4,79.0,61.7,88.1,77.1,57.7,39.6,82.0,73.6,73.4,79.9
15,"Hunterdon County, New Jersey",82.3,66.0,62.0,90.7,92.7,58.3,69.8,85.5,48.4,78.6,52.5
16,"Howard County, Maryland",81.7,64.9,49.4,95.3,81.3,53.5,60.3,90.7,51.8,74.4,83.2
17,"Bremer County, Iowa",81.7,66.9,58.4,69.5,74.3,63.6,58.5,86.6,77.1,71.2,91.4
18,"Grundy County, Iowa",81.5,67.4,67.0,65.7,73.1,66.4,62.0,83.4,72.7,76.0,81.9
19,"Morgan County, Utah",81.1,78.0,52.0,82.2,65.9,72.2,66.6,85.3,72.2,70.3,62.3
20,"Williamson County, Tennessee",80.5,86.5,55.8,94.4,74.1,49.4,47.2,82.6,64.6,66.5,74.2
21,"Fairfax County, Virginia",80.4,49.7,44.1,85.9,77.8,67.1,67.3,98.9,48.1,81.9,82.5
22,"Teton County, Wyoming",80.3,71.3,43.1,79.0,76.0,81.7,75.1,88.5,46.8,51.4,93.1
23,"Fairfax city, Virginia",79.6,61.6,53.9,93.4,59.8,65.7,67.4,93.5,37.9,81.8,77.6
24,"Marin County, California",79.6,61.3,27.4,94.8,70.6,68.1,86.4,97.3,31.8,86.6,71.5
25,"Morris County, New Jersey",79.5,54.5,51.0,85.4,90.9,57.6,60.3,85.9,56.9,84.6,71.5
26,"Chaffee County, Colorado",79.5,86.1,58.4,60.8,38.1,97.1,78.9,82.4,56.3,80.2,70.3
27,"Washington County, Minnesota",79.4,69.6,52.9,93.6,72.2,65.4,41.9,84.6,61.7,69.0,84.8
28,"Dallas County, Iowa",79.3,74.1,38.0,86.5,82.1,64.1,46.5,83.0,70.8,69.1,87.3
29,"Sublette County, Wyoming",79.2,78.2,47.8,65.3,55.5,80.6,70.6,76.4,88.3,84.3,64.1
30,"Arlington County, Virginia",79.1,38.8,33.7,95.3,78.6,65.6,76.7,93.2,52.5,91.8,72.7
31,"Clear Creek County, Colorado",79.0,76.9,59.6,77.6,45.8,95.0,77.4,83.1,56.0,62.7,63.5
32,"Gallatin County, Montana",79.0,68.2,56.5,76.3,58.8,76.9,66.6,90.4,58.2,66.4,78.1
33,"Winneshiek County, Iowa",78.2,67.2,58.6,64.5,72.9,74.1,54.2,92.1,70.6,70.9,69.9
34,"Santa Clara County, California",78.1,34.5,46.5,83.6,71.5,69.3,76.5,100.0,44.9,81.0,84.5
35,"Placer County, California",78.1,61.2,56.2,75.8,65.3,66.1,63.6,92.7,53.4,78.6,77.6
36,"Boulder County, Colorado",78.1,58.3,30.1,81.6,70.8,83.2,67.9,96.1,51.6,65.2,91.6
37,"Davis County, Utah",78.0,51.5,53.9,86.5,69.4,75.0,44.7,84.6,61.5,69.0,100.0
38,"Dukes County, Massachusetts",78.0,83.5,49.4,71.6,88.5,68.0,62.2,72.1,42.7,72.2,86.2
39,"Elbert County, Colorado",78.0,88.4,74.2,77.3,39.6,74.3,59.6,80.6,67.9,79.6,43.6
40,"Washington County, Wisconsin",78.0,62.8,74.6,78.7,63.3,72.9,43.4,82.9,61.5,67.5,81.8
41,"Leelanau County, Michigan",77.8,82.6,59.9,61.7,41.0,70.7,83.1,88.0,60.8,74.9,68.9
42,"Dodge County, Minnesota",77.5,66.4,73.3,73.7,67.7,68.0,37.3,69.8,73.6,80.9,85.0
43,"Madison County, Montana",77.5,81.1,71.2,57.4,47.3,81.5,89.1,88.4,45.4,59.2,65.7
44,"Summit County, Utah",77.4,72.3,32.1,83.3,63.9,83.7,65.7,90.3,60.1,61.5,77.8
45,"San Mateo County, California",77.4,40.9,32.8,85.4,71.8,71.3,77.4,98.1,37.7,90.8,84.6
46,"Somerset County, New Jersey",77.2,56.4,38.6,91.8,83.9,54.6,61.5,90.9,54.3,79.3,71.6
47,"San Juan County, Washington",77.2,82.8,56.7,61.4,46.9,66.3,100.0,94.0,24.3,79.7,70.3
48,"Hardin County, Iowa",77.0,61.2,73.5,59.1,66.2,77.2,51.3,78.1,70.4,80.6,77.9
49,"Teller County, Colorado",76.9,79.3,76.5,64.7,35.7,98.5,72.9,76.1,51.5,74.2,59.5
50,"Lincoln County, South Dakota",76.8,75.5,54.5,87.9,66.6,65.2,32.5,82.6,70.3,62.5,84.8
51,"Waukesha County, Wisconsin",76.8,63.8,52.2,90.4,72.9,57.5,44.8,88.6,61.7,70.3,76.5
52,"Hancock County, Iowa",76.7,58.7,70.4,62.8,56.4,72.9,67.7,79.5,74.8,74.2,74.4
53,"Jefferson County, Montana",76.6,86.1,56.4,64.1,53.2,75.0,84.5,75.4,61.8,60.5,71.0
54,"Teton County, Idaho",76.5,69.4,70.1,74.1,41.0,80.6,68.4,79.9,66.2,70.9,63.2
55,"Collin County, Texas",76.2,64.1,45.4,82.9,83.8,63.5,51.9,81.1,59.8,74.4,76.3
56,"Gilpin County, Colorado",76.2,82.3,81.1,71.4,63.0,96.2,58.7,81.7,46.3,61.8,29.2
57,"Hamilton County, Nebraska",76.2,75.3,67.2,67.7,60.7,68.2,38.3,80.1,87.1,72.7,67.4
58,"Carroll County, Iowa",76.2,61.7,66.7,65.0,64.6,70.2,52.1,76.7,74.0,77.5,81.4
59,"Rockingham County, New Hampshire",76.1,61.0,70.5,87.1,75.3,62.5,50.5,77.3,56.3,67.2,67.4
60,"Eagle County, Colorado",76.1,54.5,39.5,78.7,50.3,91.3,75.5,95.7,30.3,84.4,85.2
61,"Lincoln County, Wyoming",76.0,68.6,80.4,69.2,61.6,83.9,66.9,76.5,58.2,61.8,50.9
62,"Nantucket County, Massachusetts",75.9,72.2,48.4,79.7,73.7,67.1,68.1,81.9,47.3,64.7,75.1
63,"Humboldt County, Iowa",75.8,56.7,71.5,59.1,70.2,76.4,64.2,74.4,77.5,72.2,66.5
64,"Houston County, Minnesota",75.7,65.4,73.1,61.8,48.0,73.4,57.7,86.7,61.3,73.6,80.2
65,"Forsyth County, Georgia",75.6,79.1,49.3,93.0,79.5,57.1,45.3,74.9,63.0,70.1,61.0
66,"Hanover County, Virginia",75.5,70.8,68.1,82.5,72.5,60.8,41.4,76.2,58.2,69.7,73.6
67,"Phillips County, Colorado",75.5,59.4,86.0,48.0,51.3,74.5,62.1,80.8,54.4,86.0,83.7
68,"Saratoga County, New York",75.5,52.9,68.4,79.8,72.4,65.3,51.1,74.1,59.5,78.2,78.3
69,"Wasatch County, Utah",75.4,66.3,62.2,79.7,56.5,85.7,53.9,81.8,51.3,64.6,75.3
70,"Mercer County, North Dakota",75.3,69.0,70.5,67.3,50.7,60.4,54.7,72.5,94.4,70.5,73.4
71,"Johnson County, Kansas",75.1,56.5,44.0,83.2,74.8,56.1,46.7,88.8,60.9,74.0,91.5
72,"Mono County, California",75.0,45.4,57.2,61.8,59.1,65.6,65.3,86.8,74.1,74.1,97.0
73,"Addison County, Vermont",75.0,61.8,68.2,69.6,66.0,69.2,72.7,82.7,55.1,61.9,65.4
74,"Olmsted County, Minnesota",75.0,59.1,38.2,82.0,70.0,80.6,44.9,93.7,59.3,66.9,82.2
75,"Lyon County, Iowa",75.0,68.8,66.2,67.0,50.2,72.6,55.1,72.7,84.5,74.0,72.3
76,"Sheridan County, Wyoming",75.0,62.0,65.8,65.1,66.0,78.6,53.2,84.3,55.4,64.1,83.9
77,"Gunnison County, Colorado",74.9,60.9,44.8,65.4,61.8,91.3,78.5,81.6,31.3,74.3,95.9
78,"Winnebago County, Iowa",74.9,58.0,70.1,51.1,64.3,79.5,55.4,73.8,69.9,76.7,91.2
79,"Norfolk County, Massachusetts",74.8,54.0,48.5,85.4,82.6,64.0,58.3,84.5,57.5,74.7,61.9
80,"St. Charles County, Missouri",74.7,65.6,73.2,87.9,73.5,55.4,35.9,67.2,62.8,67.1,82.8
81,"Washington County, Rhode Island",74.6,54.8,64.0,76.6,77.3,66.5,60.4,79.9,49.1,69.1,74.1
82,"Larimer County, Colorado",74.6,60.8,53.3,67.4,62.8,80.6,63.1,87.7,55.4,63.0,83.2
83,"Scott County, Minnesota",74.5,68.8,46.2,94.8,65.8,73.5,40.9,77.7,52.1,69.6,81.9
84,"Polk County, Nebraska",74.4,60.0,66.9,57.5,71.1,60.0,65.3,81.9,76.0,71.8,65.6
85,"Warren County, Ohio",74.3,64.3,62.7,86.8,76.9,48.7,33.9,70.2,70.7,68.4,88.5
86,"Wright County, Minnesota",74.3,67.3,69.1,84.5,66.4,70.6,43.8,78.9,58.2,68.3,57.3
87,"Middlesex County, Connecticut",74.2,55.2,52.4,84.0,87.8,68.6,55.3,82.0,48.8,66.8,67.0
88,"Oldham County, Kentucky",74.2,75.1,62.0,78.8,73.0,57.9,45.3,69.0,71.0,68.1,70.6
89,"Mitchell County, Iowa",73.9,64.1,60.6,58.8,55.4,69.6,66.0,82.3,67.5,75.0,76.6
90,"Bristol County, Rhode Island",73.7,50.0,58.9,75.7,81.0,63.5,50.3,80.4,41.5,84.2,85.3
91,"La Plata County, Colorado",73.7,65.0,48.5,71.0,53.6,83.5,69.3,87.6,51.4,67.8,73.3
92,"Traill County, North Dakota",73.6,56.4,59.1,60.3,72.7,75.9,37.8,79.8,86.4,71.6,79.4
93,"Union County, South Dakota",73.6,67.2,53.9,72.5,66.7,55.3,40.5,75.8,92.8,75.8,73.1
94,"Blaine County, Idaho",73.6,65.5,37.4,68.9,57.2,80.6,73.2,84.9,58.6,79.6,69.7
95,"Brown County, Minnesota",73.6,60.9,59.8,63.2,75.3,75.6,35.6,78.7,67.9,86.6,72.7
96,"Dakota County, Minnesota",73.4,57.5,41.7,92.5,67.1,78.4,40.8,76.6,60.6,65.5,90.6
97,"Washington County, Nebraska",73.3,61.7,64.9,79.6,62.4,64.9,41.6,76.9,69.8,76.5,67.4
98,"Kauai County, Hawaii",73.2,47.7,77.3,72.2,42.3,71.3,80.1,88.5,27.8,79.7,73.8
99,"Pope County, Minnesota",73.2,69.4,63.3,68.5,60.4,69.7,59.4,79.0,53.4,75.2,68.0
100,"St. Croix County, Wisconsin",73.2,62.0,70.0,82.6,60.5,63.2,51.1,78.6,55.4,74.6,61.3
101,"Montgomery County, Maryland",73.1,49.1,35.8,83.9,74.4,67.9,66.5,96.6,39.9,78.7,69.0
102,"Kendall County, Texas",73.1,78.7,45.4,78.3,62.2,64.2,64.5,80.7,54.8,69.4,64.3
103,"Oconee County, Georgia",73.0,85.6,48.3,81.6,75.6,52.5,60.2,72.9,52.9,61.2,68.0
104,"Seward County, Nebraska",72.9,58.1,61.6,68.4,65.9,58.2,47.4,80.2,72.1,75.6,80.7
105,"Livingston County, Michigan",72.9,66.0,81.2,79.5,62.9,56.8,50.6,77.3,60.9,65.3,52.9
106,"Sweet Grass County, Montana",72.8,75.9,36.7,63.1,24.7,84.6,81.5,84.5,94.2,68.3,61.7
107,"Medina County, Ohio",72.8,63.9,77.0,76.7,66.8,65.2,42.7,67.7,60.5,75.7,67.0
108,"Cedar County, Iowa",72.8,61.8,70.9,65.1,53.6,54.4,55.6,72.7,78.3,84.8,71.8
109,"Green County, Wisconsin",72.8,58.7,63.4,69.7,52.4,73.8,53.4,79.0,66.3,72.7,79.2
110,"Grand Traverse County, Michigan",72.7,69.0,62.3,65.7,56.8,72.1,54.3,82.0,59.9,70.6,71.7
111,"Stillwater County, Montana",72.6,79.4,69.6,62.2,42.2,72.5,70.4,70.0,89.1,54.2,56.5
112,"Rockwall County, Texas",72.5,75.4,57.7,86.7,72.8,60.2,46.4,66.5,57.6,80.6,54.8
113,"Chittenden County, Vermont",72.5,49.4,52.0,77.6,72.3,68.6,57.5,92.1,46.5,67.3,75.2
114,"Norton County, Kansas",72.4,58.4,67.7,60.5,75.9,68.4,57.3,70.6,60.5,74.1,75.8
115,"Sarpy County, Nebraska",72.3,55.6,53.2,86.7,71.8,59.1,28.5,77.1,60.6,77.4,92.8
116,"Middlesex County, Massachusetts",72.1,47.0,36.9,85.8,80.0,56.4,61.8,85.6,57.9,79.8,68.4
117,"Calumet County, Wisconsin",72.1,63.9,59.4,74.5,68.6,65.8,39.9,82.9,62.1,69.1,71.9
118,"Merrimack County, New Hampshire",72.0,60.6,62.2,75.9,71.9,67.7,66.0,75.1,49.9,64.0,63.9
119,"Plymouth County, Iowa",72.0,59.1,63.9,69.9,61.7,64.3,52.0,71.6,81.5,78.1,62.7
120,"O'Brien County, Iowa",72.0,55.4,63.5,60.7,57.9,71.4,65.5,77.0,69.9,78.0,67.8
121,"Fayette County, Georgia",72.0,76.7,65.4,82.5,76.1,41.0,43.4,81.2,49.4,70.7,58.6
122,"Williamson County, Texas",72.0,64.3,52.6,79.5,71.9,62.3,39.9,79.3,57.4,74.8,76.9
123,"Goshen County, Wyoming",71.9,56.4,71.0,50.9,70.4,75.5,66.2,62.9,74.4,73.7,72.5
124,"Kendall County, Illinois",71.9,70.6,56.5,83.0,73.9,61.5,44.8,75.7,46.3,79.8,61.8
125,"Hampshire County, Massachusetts",71.9,49.4,56.8,71.7,78.7,68.2,45.9,88.8,55.1,66.0,77.1
126,"Jefferson County, Colorado",71.8,58.0,42.9,82.2,56.9,61.0,62.8,85.7,55.5,60.0,93.1
127,"Thayer County, Nebraska",71.7,63.7,56.5,59.1,71.8,60.9,68.0,74.2,72.2,69.6,68.3
128,"Alexandria city, Virginia",71.7,43.5,23.8,92.4,63.4,69.6,71.4,85.6,42.7,94.3,75.1
129,"Albemarle County, Virginia",71.6,58.1,30.2,78.3,76.6,66.3,60.1,87.8,49.8,74.4,78.1
130,"Chickasaw County, Iowa",71.6,60.4,65.7,59.1,56.3,60.7,55.3,83.4,76.5,70.6,72.2
131,"Litchfield County, Connecticut",71.6,57.2,67.1,72.5,73.8,71.4,69.0,77.9,41.5,63.2,58.8
132,"Lake County, Minnesota",71.5,72.9,65.1,63.5,53.5,76.3,63.8,76.4,42.0,83.2,61.6
133,"Warren County, Iowa",71.5,68.5,65.7,78.0,70.2,63.2,34.8,76.2,59.4,62.7,74.4
134,"Monroe County, Illinois",71.5,69.3,68.6,74.5,64.9,52.6,37.5,71.8,59.4,77.5,79.5
135,"Hood River County, Oregon",71.4,58.0,53.0,63.5,58.3,69.0,79.6,83.1,48.6,73.0,73.7
136,"Nassau County, New York",71.4,53.7,37.5,83.7,85.8,51.6,67.1,82.9,32.1,100.0,58.5
137,"DuPage County, Illinois",71.3,50.6,37.5,83.2,79.8,51.5,53.7,86.5,45.6,82.3,84.8
138,"New Kent County, Virginia",71.3,80.0,79.3,72.9,52.3,61.9,50.9,74.3,52.8,61.5,60.8
139,"Park County, Wyoming",71.3,67.4,58.7,58.6,77.1,83.7,53.6,71.9,62.3,58.5,71.9
140,"Botetourt County, Virginia",71.1,68.6,78.2,70.3,65.1,65.3,43.3,74.8,59.9,67.0,56.9
141,"Montgomery County, Pennsylvania",71.1,56.1,42.5,83.0,86.0,42.6,57.3,80.6,54.3,73.0,75.6
142,"Sussex County, New Jersey",71.1,55.3,76.7,77.9,82.8,68.2,54.4,70.8,37.5,76.6,46.9
143,"Platte County, Missouri",71.0,67.3,57.8,86.6,72.8,55.5,35.5,68.1,57.5,69.7,81.9
144,"Washington County, Vermont",71.0,62.2,67.1,68.0,61.3,64.3,70.5,77.7,54.7,64.2,61.3
145,"Shelby County, Iowa",70.9,60.4,60.4,63.0,59.1,71.7,50.7,76.2,71.5,80.6,67.2
146,"Washakie County, Wyoming",70.9,57.6,80.1,55.8,68.2,71.8,69.4,67.1,31.0,75.5,82.1
147,"Carson County, Texas",70.8,59.5,72.5,80.3,68.7,72.8,43.8,62.8,77.3,52.2,63.9
148,"Valley County, Idaho",70.8,76.6,66.3,57.3,56.0,81.5,67.7,88.1,47.4,48.2,58.2
149,"Grand County, Colorado",70.8,51.9,50.7,68.6,33.3,78.4,83.9,88.9,42.2,80.4,78.8
150,"York County, Virginia",70.8,56.6,53.8,71.3,86.5,59.8,44.1,83.1,40.9,72.0,83.7
151,"Putnam County, New York",70.7,52.9,57.2,83.7,83.8,69.0,56.0,75.9,35.7,87.2,46.3
152,"Putnam County, Illinois",70.7,63.8,72.4,58.6,42.0,64.4,74.8,72.1,75.5,78.0,55.5
153,"Emmet County, Michigan",70.7,65.0,68.2,55.8,50.3,75.8,59.3,83.9,51.0,77.9,67.6
154,"Roanoke County, Virginia",70.7,58.6,75.0,66.7,75.0,61.4,44.6,69.4,56.6,70.8,76.0
155,"Hendricks County, Indiana",70.7,69.8,61.9,81.5,71.8,53.5,30.6,69.8,61.3,73.3,76.6
156,"Delaware County, Iowa",70.6,58.3,59.8,64.0,58.3,64.2,51.8,79.9,76.4,70.4,73.7
157,"Ada County, Idaho",70.6,59.5,59.5,68.2,52.7,59.9,49.4,86.4,64.0,69.2,83.5
158,"Union County, Ohio",70.6,63.4,60.0,76.9,66.6,63.9,43.7,66.2,66.8,80.7,67.6
159,"Burleigh County, North Dakota",70.6,67.0,57.8,78.3,52.5,63.4,34.7,82.9,68.8,63.3,80.7
160,"Powhatan County, Virginia",70.5,75.1,68.1,71.0,56.7,61.3,44.7,72.1,71.5,69.8,59.2
161,"Park County, Colorado",70.5,81.9,78.7,73.3,38.8,90.8,64.2,78.2,38.6,63.8,31.3
162,"Washington County, Iowa",70.4,58.5,71.7,63.9,55.3,71.8,46.6,74.7,70.7,66.6,75.8
163,"Cuming County, Nebraska",70.4,53.1,66.4,60.4,64.9,57.2,63.6,79.7,69.1,78.1,60.3
164,"Goochland County, Virginia",70.3,86.6,44.8,78.0,60.6,60.6,60.5,79.0,54.2,63.0,56.4
165,"Nemaha County, Kansas",70.3,55.9,60.5,60.3,59.7,56.9,67.3,80.8,81.0,67.8,63.4
166,"Missoula County, Montana",70.3,60.1,54.6,64.1,67.0,69.5,67.2,84.7,44.6,55.4,83.3
167,"Barnstable County, Massachusetts",70.3,68.1,60.4,70.7,64.9,50.4,61.7,82.6,51.3,58.9,74.7
168,"Warren County, New York",70.2,51.0,80.7,59.4,66.0,74.7,49.9,80.6,47.1,79.6,60.4
169,"Goodhue County, Minnesota",70.2,61.2,62.2,71.2,63.1,74.3,51.1,71.0,59.7,71.0,68.5
170,"Orange County, Vermont",70.2,66.1,72.7,63.9,61.1,68.8,68.8,74.3,49.9,67.8,53.2
171,"Door County, Wisconsin",70.1,77.6,54.2,61.1,42.3,74.8,54.8,86.2,56.2,76.9,66.6
172,"Boone County, Iowa",70.1,61.3,63.4,68.0,67.7,70.5,47.3,70.9,58.7,66.0,80.2
173,"Chester County, Pennsylvania",70.1,60.1,38.0,84.1,84.6,50.5,53.0,79.1,55.2,71.1,71.2
174,"Stanton County, Nebraska",70.1,56.6,74.2,73.5,50.7,52.9,32.8,75.9,83.3,76.3,72.9
175,"Poquoson city, Virginia",70.0,66.2,72.2,72.8,72.7,50.2,35.4,77.8,40.0,85.3,69.0
176,"Saunders County, Nebraska",70.0,64.2,70.4,65.8,56.8,60.8,46.3,76.8,62.0,74.1,71.0
177,"Box Elder County, Utah",69.9,50.0,74.1,65.1,46.3,82.4,51.4,76.5,68.6,57.8,81.5
178,"Butler County, Iowa",69.9,59.8,66.2,61.6,65.0,57.2,30.7,71.1,80.9,88.0,76.3
179,"Archuleta County, Colorado",69.9,76.9,57.4,62.8,14.4,91.9,73.1,88.1,44.0,71.1,69.6
180,"Somervell County, Texas",69.9,67.2,100.0,55.8,76.5,56.6,59.3,63.7,45.8,58.9,58.1
181,"Boone County, Indiana",69.8,76.9,45.8,82.5,72.2,54.7,49.5,64.9,59.1,68.2,74.5
182,"Lewis and Clark County, Montana",69.7,67.7,60.9,65.7,39.8,80.3,61.2,78.1,62.1,57.2,77.8
183,"Madison County, Iowa",69.7,70.6,61.5,67.6,56.2,66.1,50.2,74.5,67.5,67.8,66.5
184,"Dickinson County, Iowa",69.7,71.6,45.9,63.3,66.4,63.0,51.5,77.0,67.8,72.3,74.0
185,"Clay County, Iowa",69.6,51.2,71.0,57.5,66.6,70.1,48.2,81.2,66.5,71.0,66.4
186,"Kewaunee County, Wisconsin",69.5,59.5,78.8,60.1,45.4,74.5,52.1,80.5,58.3,73.1,63.5
187,"Outagamie County, Wisconsin",69.4,54.7,53.6,75.9,55.5,70.6,33.6,87.8,61.2,73.0,79.9
188,"Bergen County, New Jersey",69.4,42.3,33.2,84.0,89.6,51.3,70.2,81.9,43.8,91.6,56.4
189,"Valley County, Montana",69.4,73.0,50.7,58.7,59.0,70.6,65.0,66.9,84.5,61.6,66.2
190,"Cherokee County, Iowa",69.4,59.0,62.9,55.8,56.6,64.5,41.4,86.6,81.4,73.6,67.3
191,"Sheridan County, Montana",69.4,75.3,58.9,56.4,44.6,78.7,61.0,76.5,61.8,68.7,69.4
192,"Rock County, Minnesota",69.3,59.6,66.8,62.6,58.4,75.5,54.3,71.4,64.1,55.4,83.1
193,"Tolland County, Connecticut",69.3,47.8,54.7,79.6,79.6,70.9,49.0,78.2,51.5,66.4,65.9
194,"Clay County, Nebraska",69.3,61.1,71.5,55.6,61.5,66.5,50.2,68.2,68.5,75.7,74.4
195,"Fauquier County, Virginia",69.3,70.3,56.8,79.4,69.1,61.6,59.2,74.4,48.6,68.2,50.0
196,"Pierce County, Wisconsin",69.3,53.7,68.5,70.0,59.7,66.8,53.9,80.3,53.3,66.7,69.5
197,"Nemaha County, Nebraska",69.3,55.9,62.0,60.7,71.4,57.2,56.8,75.7,64.4,67.8,76.8
198,"Nicollet County, Minnesota",69.3,53.7,60.5,68.5,70.7,83.0,29.4,75.7,60.0,76.7,72.9
199,"Sibley County, Minnesota",69.2,61.9,66.7,68.1,56.5,71.9,54.1,68.4,70.0,73.0,57.8
200,"Richland County, Montana",69.2,61.3,81.3,65.5,42.9,69.0,53.8,68.8,76.5,62.4,64.5
201,"Washington County, Oregon",69.2,45.8,40.2,79.1,62.7,59.3,61.7,86.9,46.3,74.3,89.7
202,"Utah County, Utah",69.2,40.5,43.6,69.9,67.5,79.6,45.4,85.8,52.0,70.2,99.4
203,"Howard County, Iowa",69.2,59.7,66.5,63.6,49.5,56.0,54.2,78.9,74.5,69.1,73.6
204,"Kossuth County, Iowa",69.1,62.0,56.7,56.2,59.5,69.8,49.7,83.8,71.3,67.9,72.4
205,"Geauga County, Ohio",69.1,67.2,66.8,73.1,62.3,68.9,51.4,72.1,60.0,70.5,48.2
206,"Pottawatomie County, Kansas",69.1,66.7,70.7,66.6,63.9,54.2,40.8,77.9,63.3,65.5,70.1
207,"Phelps County, Nebraska",69.1,55.9,66.3,61.6,62.1,69.6,39.6,76.6,68.5,69.1,80.0
208,"Audubon County, Iowa",69.0,61.7,82.9,51.9,59.6,70.3,60.5,75.0,68.9,52.9,60.0
209,"Sagadahoc County, Maine",69.0,58.1,79.8,67.3,58.1,66.8,52.1,76.7,45.6,70.5,63.7
210,"Deschutes County, Oregon",68.9,68.3,52.4,70.4,46.0,71.8,56.6,78.2,49.3,63.5,89.1
211,"Wright County, Iowa",68.9,54.0,62.9,54.9,52.8,79.6,52.9,73.9,65.0,82.9,76.2
212,"Oakland County, Michigan",68.8,52.7,39.8,78.6,70.9,53.4,53.4,77.9,66.0,76.3,76.6
213,"Marion County, Iowa",68.8,58.4,54.9,64.8,63.5,69.0,50.9,80.3,68.0,71.4,64.1
214,"Sherburne County, Minnesota",68.7,66.5,59.9,83.5,62.1,68.0,42.3,77.1,56.9,64.9,53.1
215,"Windsor County, Vermont",68.7,61.9,59.6,66.7,58.9,69.8,72.2,78.3,42.9,61.2,69.0
216,"La Crosse County, Wisconsin",68.7,50.5,53.7,67.2,67.6,60.5,47.8,86.9,51.8,65.7,91.5
217,"Palo Alto County, Iowa",68.7,57.9,55.2,61.0,60.7,77.9,42.2,76.6,84.1,69.0,66.2
218,"Cheyenne County, Nebraska",68.6,52.6,64.1,68.3,63.8,67.5,51.4,73.4,60.5,69.7,73.6
219,"Grafton County, New Hampshire",68.6,61.9,38.8,71.1,69.8,70.4,56.1,87.7,55.4,63.6,66.0
220,"Oneida County, Wisconsin",68.6,69.4,63.7,64.1,50.0,82.7,49.0,75.0,57.5,65.6,67.3
221,"Benton County, Oregon",68.6,46.0,44.4,64.4,72.7,61.7,61.4,94.4,42.4,64.2,90.2
222,"St. Johns County, Florida",68.6,79.0,55.8,77.0,65.6,44.2,48.2,72.7,53.4,63.2,75.5
223,"Piatt County, Illinois",68.5,64.7,58.3,61.3,60.8,65.6,49.2,64.3,66.8,81.6,79.6
224,"Butler County, Pennsylvania",68.3,56.9,72.0,72.1,68.4,57.8,47.5,72.1,66.1,60.8,62.5
225,"Ida County, Iowa",68.3,57.2,55.3,59.9,68.2,71.2,63.7,68.9,90.9,64.0,49.2
226,"Grand Isle County, Vermont",68.3,68.5,60.3,67.7,72.3,56.8,68.6,74.2,59.7,58.0,47.9
227,"Denton County, Texas",68.2,59.8,41.7,79.1,76.2,64.2,49.3,72.6,50.7,73.8,74.8
228,"Chippewa County, Minnesota",68.2,46.5,59.8,61.1,59.4,76.2,53.9,77.6,63.5,74.9,74.6
229,"San Luis Obispo County, California",68.2,46.5,38.5,68.2,61.5,71.3,72.6,86.2,36.1,70.4,93.4
230,"Crook County, Wyoming",68.2,76.4,66.6,58.2,53.3,80.3,64.7,78.2,61.3,51.7,44.8
231,"Ottawa County, Michigan",68.1,61.3,54.6,73.8,65.3,70.0,41.6,78.2,52.2,63.8,77.7
232,"Butler County, Nebraska",68.1,56.6,77.4,62.2,59.8,56.4,52.9,77.8,52.9,70.4,69.0
233,"Arapahoe County, Colorado",68.1,50.4,39.0,78.4,55.7,75.7,61.5,80.6,47.0,64.6,90.6
234,"Adair County, Iowa",68.1,58.9,64.5,59.9,53.0,70.4,60.4,76.2,80.0,62.3,56.1
235,"Midland County, Michigan",68.1,57.8,58.4,76.4,63.8,63.2,35.8,77.6,61.2,70.7,72.6
236,"Le Sueur County, Minnesota",68.0,66.2,57.9,67.4,56.6,72.1,49.3,73.8,57.9,74.8,64.9
237,"Iowa County, Iowa",68.0,59.0,65.3,61.4,61.6,64.6,53.2,75.9,67.3,64.4,67.5
238,"Iowa County, Wisconsin",68.0,55.9,70.8,68.9,57.7,70.8,47.4,75.8,61.7,67.7,60.2
239,"Johnson County, Wyoming",68.0,71.6,65.4,63.4,55.2,80.2,57.5,71.7,57.0,65.9,50.2
240,"Calvert County, Maryland",67.9,60.9,73.8,75.0,65.5,62.8,46.3,69.2,55.2,76.4,47.4
241,"Story County, Iowa",67.9,33.4,45.3,70.1,88.9,74.6,39.9,86.3,48.7,72.0,83.9
242,"Ravalli County, Montana",67.9,75.0,64.9,53.8,48.8,69.3,78.6,74.7,48.0,60.8,64.2
243,"Knox County, Maine",67.9,70.2,68.1,62.7,47.0,74.6,60.2,75.0,45.1,63.9,70.0
244,"Park County, Montana",67.9,71.4,62.9,54.0,50.1,81.8,63.2,71.7,60.9,63.5,64.4
245,"Lake County, South Dakota",67.9,78.4,43.8,67.5,44.7,57.4,34.5,84.4,77.8,77.4,73.3
246,"Meade County, South Dakota",67.8,56.2,69.0,62.4,45.9,59.1,42.8,83.4,76.0,69.4,73.2
247,"Wabasha County, Minnesota",67.7,60.1,59.4,66.0,54.9,73.8,41.0,77.8,53.3,78.5,75.8
248,"Benton County, Iowa",67.6,60.8,67.5,66.2,58.0,62.0,44.5,70.3,73.5,68.2,67.5
249,"Fillmore County, Nebraska",67.6,59.0,54.4,56.8,63.2,70.0,48.5,73.2,71.9,79.1,70.2
250,"Pennington County, Minnesota",67.6,49.9,67.5,59.6,51.5,77.3,57.1,71.5,77.5,63.7,68.6
251,"Converse County, Wyoming",67.5,58.3,75.8,59.0,62.9,73.6,58.1,62.7,73.8,63.1,53.2
252,"Knox County, Nebraska",67.5,55.4,64.6,56.9,53.3,61.4,61.3,76.9,71.4,77.3,61.0
253,"Cumberland County, Maine",67.4,58.9,51.0,66.6,71.5,64.2,50.5,81.9,56.2,63.8,70.3
254,"Antelope County, Nebraska",67.4,59.6,61.1,49.3,67.0,70.8,65.1,72.9,67.5,61.8,68.1
255,"Washtenaw County, Michigan",67.4,45.0,27.3,82.3,74.2,60.2,58.7,90.0,51.6,64.7,80.5
256,"Douglas County, Minnesota",67.4,65.8,57.7,66.8,64.7,70.8,40.8,83.7,45.2,64.5,71.7
257,"Columbia County, Georgia",67.4,70.4,66.7,70.1,63.6,51.3,36.5,73.5,54.2,70.3,74.0
258,"Charlevoix County, Michigan",67.4,69.9,61.5,58.6,52.3,73.5,50.3,74.8,59.7,73.2,64.6
259,"Hancock County, Indiana",67.3,62.3,75.6,78.8,58.8,57.7,29.7,61.0,60.4,68.9,80.8
260,"McHenry County, Illinois",67.3,53.4,52.8,83.1,66.4,69.6,44.3,73.9,44.7,77.2,67.7
261,"Orange County, North Carolina",67.2,55.1,22.1,77.9,76.2,58.6,54.4,86.7,45.9,67.2,92.7
262,"Dickinson County, Michigan",67.2,58.0,70.1,53.1,48.9,78.0,51.5,79.6,61.2,64.6,73.3
263,"Cook County, Minnesota",67.1,78.3,60.1,51.7,67.4,84.5,67.4,81.9,12.4,74.5,51.7
264,"Rockland County, New York",67.1,50.1,46.6,75.6,80.5,65.5,61.9,86.0,15.2,98.7,46.9
265,"McLean County, North Dakota",67.0,73.6,59.6,62.8,45.2,66.9,39.6,65.1,100.0,68.7,60.0
266,"Belknap County, New Hampshire",67.0,61.5,69.6,67.7,57.6,69.2,75.3,66.2,46.6,53.1,64.3
267,"Anoka County, Minnesota",67.0,59.7,48.7,89.9,60.2,67.7,35.0,71.2,56.8,65.6,76.3
268,"Osceola County, Iowa",66.9,54.9,58.0,61.0,59.1,78.4,53.0,76.6,68.3,65.7,63.0
269,"Wake County, North Carolina",66.9,64.1,30.7,78.3,69.0,59.8,44.3,80.1,50.5,69.4,88.3
270,"Sheboygan County, Wisconsin",66.9,51.7,61.8,67.1,56.0,67.2,50.1,80.5,56.4,72.7,68.8
271,"Burlington County, New Jersey",66.8,49.9,55.4,85.7,78.5,50.7,49.1,68.8,50.6,71.7,67.9
272,"Newport County, Rhode Island",66.8,43.4,51.6,71.2,69.4,63.0,57.5,80.5,53.0,64.7,79.0
273,"Bath County, Virginia",66.8,53.2,58.9,53.2,55.3,90.0,69.4,62.0,88.3,67.8,49.6
274,"Clay County, Missouri",66.8,54.8,61.6,84.2,66.3,54.5,36.0,63.3,57.7,63.3,90.5
275,"Poweshiek County, Iowa",66.8,51.5,61.3,63.1,59.5,64.8,54.2,82.3,65.6,61.5,67.7
276,"Alameda County, California",66.8,35.5,36.3,80.4,64.1,75.0,76.5,91.7,37.7,68.1,63.7
277,"Contra Costa County, California",66.7,47.8,28.6,80.1,62.0,72.0,68.7,87.9,42.9,73.1,68.8
278,"Cass County, Nebraska",66.7,64.2,70.6,70.0,66.2,57.5,35.4,66.2,64.1,65.8,70.4
279,"Fayette County, Iowa",66.6,54.9,67.8,49.9,63.1,72.9,64.2,70.1,59.5,61.9,74.8
280,"Johnson County, Indiana",66.5,56.7,71.0,75.0,60.4,56.2,37.3,63.5,53.0,76.1,82.5
281,"Clayton County, Iowa",66.5,57.9,64.8,56.0,46.8,57.7,69.6,81.0,62.2,76.1,58.0
282,"Jefferson County, Wisconsin",66.5,53.1,72.9,66.9,44.9,62.8,56.9,76.1,57.2,67.2,70.6
283,"Albany County, Wyoming",66.5,32.9,45.4,59.9,100.0,91.8,46.0,75.2,35.4,66.6,90.2
284,"Cumberland County, Pennsylvania",66.4,56.3,52.4,77.2,64.4,48.6,47.5,75.5,60.4,72.3,73.2
285,"Stark County, North Dakota",66.3,61.0,51.1,73.8,55.6,64.1,37.8,69.2,72.0,65.4,85.2
286,"Carroll County, Maryland",66.3,58.4,69.6,79.4,68.0,60.8,50.5,70.8,50.5,66.8,45.3
287,"Sonoma County, California",66.2,41.0,39.9,71.7,55.4,76.6,78.9,82.9,36.0,76.2,74.9
288,"Dane County, Wisconsin",66.2,53.6,26.2,76.7,68.9,73.1,46.6,84.8,50.8,61.8,91.2
289,"Bucks County, Pennsylvania",66.2,55.7,49.8,78.2,80.4,44.7,56.8,72.7,51.9,68.8,65.4
290,"Kent County, Rhode Island",66.2,45.8,66.2,76.0,62.2,63.9,51.8,66.2,49.8,72.3,76.4
291,"Valley County, Nebraska",66.2,63.9,62.0,57.1,55.5,63.9,56.1,75.7,76.3,66.9,53.2
292,"Stafford County, Virginia",66.2,63.0,58.3,84.0,69.8,62.5,44.9,68.6,46.9,74.6,49.4
293,"Barnes County, North Dakota",66.2,56.1,53.6,61.1,48.4,63.7,41.8,75.0,79.1,77.9,81.8
294,"Johnson County, Iowa",66.2,45.9,32.6,74.5,86.7,66.2,40.4,91.1,45.3,64.1,81.2
295,"Prince William County, Virginia",66.2,52.7,41.5,89.8,69.8,61.4,50.1,77.9,32.9,82.5,64.4
296,"Boone County, Nebraska",66.1,61.5,49.8,61.7,51.7,62.0,50.1,80.4,79.5,77.8,57.8
297,"Kearney County, Nebraska",66.1,57.5,59.9,62.8,61.6,56.0,67.5,70.0,68.6,56.2,70.7
298,"Faribault County, Minnesota",66.1,57.8,67.2,56.2,53.9,75.9,57.2,64.3,52.5,78.5,74.3
299,"Fort Bend County, Texas",66.0,70.1,36.5,78.9,81.7,37.6,48.0,78.3,50.3,68.9,70.6
300,"Hutchinson County, South Dakota",65.9,58.9,60.1,58.2,53.9,67.2,50.4,86.1,61.9,61.6,68.1
301,"Lamoille County, Vermont",65.9,59.0,69.0,57.6,62.0,67.2,64.5,75.1,44.8,69.3,57.3
302,"Stevens County, Minnesota",65.9,56.2,45.4,64.4,70.5,72.8,49.9,82.5,51.7,69.1,66.6
303,"Carroll County, New Hampshire",65.9,74.8,66.1,61.1,58.6,70.5,66.7,70.3,44.6,55.0,55.3
304,"Marshall County, Kansas",65.9,58.0,67.4,60.8,53.2,58.3,62.1,66.4,71.4,65.4,67.9
305,"Polk County, North Carolina",65.8,64.0,65.4,57.1,65.3,71.0,52.4,64.6,69.2,65.5,57.7
306,"Guthrie County, Iowa",65.7,65.6,67.7,58.8,53.3,63.6,54.3,68.7,67.6,75.1,53.9
307,"Allamakee County, Iowa",65.7,54.7,58.2,54.5,57.3,58.0,65.0,85.9,58.7,69.5,63.8
308,"Hughes County, South Dakota",65.7,54.6,55.1,64.3,46.6,66.6,43.5,88.6,76.7,57.0,72.9
309,"Lac qui Parle County, Minnesota",65.7,63.8,57.4,52.2,54.5,70.5,71.4,68.9,51.4,78.3,65.6
310,"Napa County, California",65.7,42.7,38.8,80.1,55.2,64.4,80.8,81.5,40.6,75.6,65.5
311,"Weston County, Wyoming",65.6,64.1,68.4,57.4,54.4,68.2,75.8,77.3,44.6,69.5,41.1
312,"Flathead County, Montana",65.6,66.0,69.9,59.4,45.0,64.0,66.4,76.0,48.8,51.2,76.0
313,"Trempealeau County, Wisconsin",65.6,54.9,77.7,63.0,47.4,64.3,52.9,75.8,48.3,73.0,65.3
314,"Ontario County, New York",65.6,53.5,57.9,68.4,60.8,65.6,51.8,72.5,59.9,71.3,66.0
315,"Fremont County, Iowa",65.6,53.2,79.1,58.9,66.9,54.9,50.5,69.6,64.3,67.8,58.6
316,"Jackson County, Minnesota",65.5,56.7,44.3,60.6,68.4,68.6,53.8,68.5,61.3,80.5,73.5
317,"Holt County, Nebraska",65.5,50.7,64.1,65.7,57.2,54.3,37.9,77.5,75.3,76.3,67.1
318,"Hancock County, Maine",65.4,68.7,66.9,56.9,54.4,74.8,66.5,70.9,46.6,58.4,60.6
319,"Murray County, Minnesota",65.4,66.4,65.4,57.6,51.3,72.0,58.7,71.0,58.0,63.5,62.8
320,"Clackamas County, Oregon",65.4,59.0,52.2,73.2,53.9,40.0,63.1,81.1,46.4,71.1,78.7
321,"Renville County, Minnesota",65.3,56.8,71.9,52.8,52.8,77.0,49.4,78.7,48.6,69.3,68.9
322,"Pembina County, North Dakota",65.3,53.6,67.6,56.5,39.0,59.7,53.8,68.9,87.2,75.6,71.3
323,"Franklin County, Iowa",65.3,52.1,55.8,53.5,57.6,71.1,43.4,67.4,78.9,84.3,74.9
324,"Frederick County, Maryland",65.3,60.8,42.8,80.0,70.2,62.6,55.7,71.9,42.4,75.3,59.7
325,"Woodford County, Illinois",65.2,62.7,57.9,66.4,56.1,65.1,33.1,69.7,67.8,77.7,72.1
326,"Cerro Gordo County, Iowa",65.2,50.2,57.5,63.5,61.4,74.5,47.8,81.7,56.2,52.3,79.8
327,"Windham County, Vermont",65.2,59.2,56.6,61.9,66.9,68.2,72.3,77.4,32.8,60.4,64.8
328,"Cache County, Utah",65.1,30.9,43.4,68.6,68.5,80.7,44.3,89.2,51.0,71.2,80.7
329,"Watonwan County, Minnesota",65.1,52.2,78.7,56.5,46.3,74.1,59.9,73.1,44.3,72.8,66.4
330,"Kootenai County, Idaho",65.1,61.1,70.7,64.8,45.6,62.4,51.0,71.8,54.6,61.6,78.6
331,"Williams County, North Dakota",65.1,52.9,65.1,79.6,48.5,76.3,32.3,64.3,87.8,49.1,70.2
332,"Green Lake County, Wisconsin",64.9,59.0,76.2,61.2,43.5,65.1,55.9,77.9,55.3,73.3,49.4
333,"King County, Washington",64.9,45.5,25.8,83.3,67.0,42.0,72.8,93.6,50.6,59.5,73.8
334,"Harford County, Maryland",64.9,56.3,63.1,79.7,63.9,61.2,47.1,68.5,46.4,70.3,60.1
335,"Bottineau County, North Dakota",64.9,59.8,60.7,57.2,50.2,65.4,45.9,66.9,79.3,73.4,72.4
336,"Wayne County, Nebraska",64.9,39.5,46.6,66.7,75.3,76.2,40.6,82.9,64.2,68.5,65.6
337,"El Dorado County, California",64.8,58.9,45.7,72.8,60.3,57.7,65.9,79.7,45.9,70.1,60.5
338,"Bennington County, Vermont",64.8,58.5,56.2,60.1,66.3,74.2,56.1,73.4,57.8,61.6,60.0
339,"Christian County, Missouri",64.8,66.4,76.3,67.9,65.5,51.3,35.7,63.9,53.3,64.3,73.2
340,"Spencer County, Kentucky",64.8,72.7,91.8,69.2,43.6,58.6,33.6,48.3,80.3,64.3,59.1
341,"Putnam County, Ohio",64.8,57.2,73.0,62.3,60.6,51.5,34.5,65.6,71.2,72.6,75.7
342,"Worth County, Iowa",64.8,65.4,60.1,54.8,44.4,74.0,54.0,68.1,68.5,74.1,66.7
343,"Jefferson County, Idaho",64.8,59.6,80.4,67.2,37.8,71.5,39.8,67.5,64.4,67.0,65.8
344,"Greene County, Virginia",64.8,61.7,74.8,65.2,65.4,66.0,47.5,64.2,48.5,63.6,62.4
345,"Benzie County, Michigan",64.7,76.9,64.5,57.9,37.4,73.3,64.8,64.6,55.3,69.6,60.2
346,"Sevier County, Utah",64.7,49.9,74.7,54.2,40.9,73.9,52.7,66.6,63.4,70.3,84.2
347,"Buffalo County, Wisconsin",64.6,54.7,81.6,60.2,49.7,66.3,49.0,76.9,48.6,65.4,63.4
348,"Dickey County, North Dakota",64.6,56.1,50.2,64.5,40.2,73.0,41.4,66.0,85.9,74.0,83.6
349,"Wood County, Wisconsin",64.6,53.3,60.4,60.5,50.3,66.1,45.4,87.0,61.1,69.7,65.0
350,"Thurston County, Washington",64.6,56.6,55.2,64.8,56.8,54.7,59.5,80.1,46.4,62.7,81.6
351,"Lafayette County, Wisconsin",64.5,57.6,77.3,59.5,46.1,66.0,57.9,68.2,68.2,66.2,53.0
352,"Cedar County, Nebraska",64.5,54.9,33.7,62.2,56.6,60.7,51.4,82.5,92.7,67.7,65.3
353,"Cass County, North Dakota",64.5,45.0,37.8,77.2,66.9,69.3,33.0,79.2,62.4,64.0,90.3
354,"Chesterfield County, Virginia",64.4,61.1,50.4,82.9,68.9,56.4,33.2,72.9,43.4,71.2,74.2
355,"Sac County, Iowa",64.4,56.7,64.4,56.0,65.4,55.5,39.1,76.1,69.8,77.3,60.1
356,"Lancaster County, Nebraska",64.3,45.5,39.8,73.7,66.5,72.3,39.4,83.6,49.6,62.9,88.4
357,"Hamilton County, Iowa",64.3,49.0,61.4,59.9,64.9,73.0,52.3,68.8,57.8,66.9,71.4
358,"Blanco County, Texas",64.3,83.7,56.8,71.0,48.4,59.4,59.4,63.8,72.4,60.7,38.4
359,"Lawrence County, South Dakota",64.3,54.0,63.5,63.9,41.6,71.7,51.6,86.7,52.1,57.3,72.6
360,"Lyon County, Minnesota",64.3,46.1,45.8,62.0,72.3,76.1,35.8,80.8,56.4,78.9,71.3
361,"Yellow Medicine County, Minnesota",64.3,58.3,67.9,54.4,58.0,69.9,38.4,74.0,54.9,80.3,66.3
362,"Cheshire County, New Hampshire",64.2,52.7,68.2,68.6,68.9,72.3,51.8,68.6,44.0,60.7,60.1
363,"Clarke County, Virginia",64.2,67.1,59.5,71.6,62.4,57.5,74.8,66.2,51.7,69.4,30.8
364,"Lincoln County, Washington",64.2,71.6,67.7,48.7,44.9,55.3,52.4,75.8,65.1,62.4,75.8
365,"Mills County, Iowa",64.2,59.5,63.2,72.4,62.3,55.8,49.0,65.2,58.5,63.5,66.9
366,"Anne Arundel County, Maryland",64.1,52.5,48.9,78.0,65.2,52.8,47.9,72.2,55.9,66.6,76.8
367,"San Benito County, California",64.1,36.4,69.2,66.8,54.2,67.8,63.8,77.1,33.7,71.2,76.6
368,"Travis County, Texas",64.1,49.7,29.1,78.8,71.4,64.8,53.4,76.7,46.2,62.5,88.7
369,"Winona County, Minnesota",64.0,47.5,61.3,63.0,58.4,73.2,43.4,79.4,49.1,72.7,71.0
370,"Kane County, Utah",64.0,59.4,53.6,59.3,46.5,68.8,50.9,77.4,57.4,67.7,81.2
371,"Buchanan County, Iowa",64.0,57.2,54.1,62.4,62.7,56.7,51.8,73.8,64.7,73.9,61.7
372,"Kinney County, Texas",64.0,59.5,68.1,41.5,66.1,60.2,77.9,55.1,58.1,84.5,58.6
373,"Douglas County, Nevada",64.0,58.3,50.3,61.5,49.4,73.9,49.3,77.1,55.2,78.7,68.9
374,"Custer County, Colorado",64.0,100.0,55.6,43.1,19.7,98.1,87.7,75.0,40.5,51.8,46.7
375,"Gillespie County, Texas",64.0,67.0,62.2,61.3,49.2,60.8,71.6,77.3,34.1,62.5,65.2
376,"Madison County, New York",63.9,50.1,74.8,58.2,53.6,66.7,53.0,68.3,58.0,70.0,67.1
377,"Island County, Washington",63.9,56.2,59.5,47.1,46.7,62.8,77.6,82.6,53.6,72.5,60.3
378,"Salem city, Virginia",63.9,43.4,66.0,67.7,75.9,51.5,38.7,77.8,43.1,72.2,76.8
379,"Montrose County, Colorado",63.9,60.9,66.3,53.3,35.9,78.5,70.4,79.2,55.5,54.5,62.5
380,"Berkshire County, Massachusetts",63.9,52.0,59.7,63.6,64.1,66.2,53.1,78.1,45.8,58.0,74.5
381,"Big Horn County, Wyoming",63.9,58.8,81.5,50.5,58.4,76.5,63.2,56.4,56.0,60.9,60.7
382,"Portage County, Wisconsin",63.8,49.4,54.8,65.3,55.4,68.7,41.8,81.6,58.1,74.1,68.6
383,"James City County, Virginia",63.8,76.4,34.7,69.7,63.6,64.7,38.3,83.0,42.5,71.4,69.1
384,"Red Willow County, Nebraska",63.8,55.5,65.3,63.6,55.7,67.4,27.2,72.0,77.1,70.1,65.7
385,"Ransom County, North Dakota",63.8,55.9,69.6,65.7,42.9,60.7,56.8,57.8,93.1,54.5,65.3
386,"Franklin County, Massachusetts",63.8,54.3,64.9,65.8,61.6,62.8,59.0,72.9,45.6,58.3,67.4
387,"Dubuque County, Iowa",63.7,56.1,53.6,66.8,67.1,60.6,39.0,75.6,54.4,68.3,74.5
388,"Taylor County, Iowa",63.7,54.2,65.6,56.9,57.6,63.9,52.9,63.8,77.8,77.2,52.7
389,"York County, Maine",63.7,57.1,73.4,68.5,58.0,62.1,46.4,68.7,50.7,61.3,64.8
390,"Ventura County, California",63.7,36.1,37.2,74.6,63.2,70.3,72.2,79.5,27.0,79.4,79.2
391,"Mercer County, Ohio",63.6,55.3,74.7,61.6,57.9,57.0,38.0,64.5,67.7,64.8,76.3
392,"Sauk County, Wisconsin",63.6,56.8,67.9,66.0,51.7,69.8,44.1,76.8,50.4,63.2,64.9
393,"Pepin County, Wisconsin",63.6,60.1,64.3,56.0,46.7,68.1,65.3,76.3,50.4,68.9,58.7
394,"Maui County, Hawaii",63.6,39.6,64.4,70.3,42.8,72.4,70.8,83.0,29.1,62.1,76.5
395,"Emmet County, Iowa",63.6,53.3,54.8,53.4,75.7,64.7,43.8,72.2,49.0,67.6,88.3
396,"McPherson County, Kansas",63.6,50.4,60.5,64.0,51.4,55.8,50.7,81.8,68.3,53.0,77.3
397,"Fond du Lac County, Wisconsin",63.6,51.8,62.1,68.3,52.2,59.7,44.8,73.7,56.1,72.1,74.3
398,"Pierce County, Nebraska",63.6,59.5,40.9,55.8,56.2,73.2,38.6,83.1,73.1,75.1,67.1
399,"Norman County, Minnesota",63.5,64.9,76.1,48.9,54.5,68.5,51.5,65.8,60.2,73.9,53.2
400,"Lincoln County, Maine",63.4,72.0,71.7,58.9,51.0,69.5,57.0,67.9,41.4,58.4,63.0
401,"Otter Tail County, Minnesota",63.3,68.3,59.4,60.0,51.4,72.8,45.3,70.2,61.7,67.1,59.8
402,"Caribou County, Idaho",63.3,58.2,55.2,60.1,47.1,72.9,54.3,73.9,69.4,70.7,56.1
403,"Jefferson County, Washington",63.3,81.9,37.0,46.0,42.0,66.1,77.7,83.3,47.1,62.1,74.3
404,"Platte County, Wyoming",63.3,62.6,58.6,57.1,60.0,79.9,67.9,61.6,58.4,51.1,62.9
405,"Steele County, Minnesota",63.3,57.2,54.6,65.6,53.1,77.9,43.7,70.8,58.9,65.2,71.5
406,"Nevada County, California",63.3,53.9,46.5,63.2,57.6,66.8,69.7,84.6,41.3,69.0,58.4
407,"Calhoun County, Iowa",63.3,54.9,43.6,51.1,65.6,68.2,67.8,68.8,57.5,76.9,71.4
408,"Archer County, Texas",63.3,57.9,60.8,56.9,84.2,60.3,50.4,57.3,65.2,63.4,63.9
409,"Broadwater County, Montana",63.2,78.9,67.3,61.5,11.6,79.2,53.7,78.7,78.7,40.3,59.5
410,"Orange County, California",63.2,33.0,29.1,79.8,68.2,48.1,73.6,87.2,26.5,81.5,84.5
411,"Wallowa County, Oregon",63.2,71.2,52.2,42.8,53.8,68.3,78.2,87.6,27.6,61.7,67.8
412,"Solano County, California",63.2,35.4,55.2,78.5,49.4,76.6,64.2,81.3,41.1,69.1,58.7
413,"Beaverhead County, Montana",63.2,63.6,56.1,55.7,34.0,76.3,60.6,81.7,48.1,69.1,69.7
414,"Clinton County, Michigan",63.2,57.2,54.9,69.0,64.5,65.1,33.5,74.8,51.3,73.2,68.8
415,"Warrick County, Indiana",63.1,63.2,67.4,72.5,60.2,51.6,36.0,64.5,59.2,64.4,70.3
416,"Redwood County, Minnesota",63.1,53.8,59.9,55.2,56.9,73.8,40.3,74.4,53.7,69.9,81.6
417,"Grundy County, Illinois",63.1,50.6,64.7,72.6,67.2,61.4,44.1,62.9,54.0,74.9,59.8
418,"Stutsman County, North Dakota",63.0,45.9,59.2,64.5,40.6,73.5,39.2,83.0,81.8,59.2,67.4
419,"Dixon County, Nebraska",63.0,61.8,62.5,59.5,52.5,65.7,38.1,62.6,67.2,87.8,62.0
420,"Platte County, Nebraska",63.0,47.1,38.0,70.3,61.8,62.0,37.1,79.6,75.0,67.9,78.9
421,"Turner County, South Dakota",63.0,64.4,58.9,61.0,46.5,68.6,51.7,69.2,70.5,63.5,60.8
422,"Jefferson County, Kansas",63.0,55.5,76.7,66.4,46.9,53.1,49.8,67.1,74.5,60.6,57.9
423,"Harrison County, Iowa",63.0,54.6,75.0,62.6,59.8,55.0,39.0,69.9,65.0,77.0,51.1
424,"Monmouth County, New Jersey",63.0,51.4,40.0,78.1,83.4,52.0,55.4,72.6,45.5,77.7,52.2
425,"McLeod County, Minnesota",63.0,55.3,53.2,66.8,56.7,75.4,35.5,76.2,62.3,71.6,61.0
426,"Pipestone County, Minnesota",63.0,58.6,64.6,54.6,41.7,78.9,43.1,77.7,52.9,70.7,72.9
427,"Meeker County, Minnesota",62.9,59.2,68.1,62.1,51.2,70.5,42.7,77.4,50.1,70.8,55.8
428,"Dodge County, Wisconsin",62.9,50.1,72.5,64.7,46.3,64.8,43.6,80.2,54.9,68.3,61.2
429,"Bedford County, Virginia",62.8,67.7,69.6,64.7,57.8,63.4,41.7,68.1,57.6,59.5,56.3
430,"King George County, Virginia",62.8,62.2,77.7,76.5,53.4,65.0,43.8,61.8,58.0,65.1,39.3
431,"Jones County, Iowa",62.8,58.4,67.5,57.0,55.6,61.5,42.2,71.6,70.5,67.9,59.9
432,"Suffolk County, New York",62.7,47.4,41.8,81.7,77.3,60.6,58.3,71.5,26.4,83.1,59.0
433,"Grant County, Wisconsin",62.7,48.7,60.1,60.9,58.1,70.2,48.3,72.8,56.6,69.7,68.8
434,"Brewster County, Texas",62.7,53.7,56.7,58.2,66.7,55.7,61.4,64.6,42.1,81.4,75.8
435,"Jo Daviess County, Illinois",62.7,60.2,54.4,55.3,55.2,67.8,62.3,69.6,59.2,64.8,66.7
436,"Fillmore County, Minnesota",62.6,65.2,62.4,59.1,47.3,82.9,51.3,75.3,31.4,74.8,59.8
437,"Menard County, Illinois",62.6,60.2,64.4,63.7,51.9,66.5,54.9,55.7,67.0,83.3,48.7
438,"Latah County, Idaho",62.6,37.3,59.0,60.2,64.5,63.6,61.1,82.3,41.1,66.5,74.1
439,"Marquette County, Michigan",62.6,49.2,63.0,51.2,52.9,70.6,44.1,79.2,53.4,76.5,75.1
440,"Rice County, Minnesota",62.6,54.8,34.2,71.9,51.7,77.1,53.7,77.3,53.4,64.7,76.3
441,"Cherokee County, Georgia",62.6,68.0,53.5,83.1,62.1,58.2,44.0,66.4,48.5,68.8,49.2
442,"Hillsborough County, New Hampshire",62.6,44.8,45.0,85.4,63.3,69.2,51.5,70.2,45.8,61.0,72.4
443,"Washington County, Utah",62.6,55.0,48.6,63.9,55.7,63.0,45.9,79.6,38.7,70.3,91.3
444,"Brookings County, South Dakota",62.6,39.5,48.4,69.8,66.7,76.9,24.4,76.7,55.9,70.1,88.4
445,"Chisago County, Minnesota",62.5,64.2,62.6,77.7,50.4,62.4,45.3,69.0,54.3,71.2,44.3
446,"Natrona County, Wyoming",62.5,50.3,64.6,61.7,58.8,81.1,42.9,63.8,56.8,58.1,78.4
447,"Custer County, Montana",62.4,52.8,67.6,58.3,44.4,57.1,48.6,67.6,65.4,72.3,80.0
448,"Dawes County, Nebraska",62.4,39.3,56.7,52.6,69.1,78.8,45.4,80.9,53.6,72.3,66.2
449,"Carlton County, Minnesota",62.3,61.2,58.5,58.6,62.6,77.3,48.2,66.5,43.6,74.9,61.4
450,"Fairfield County, Connecticut",62.3,46.7,14.9,78.5,82.1,67.5,62.7,85.5,36.7,73.6,59.6
451,"Tazewell County, Illinois",62.3,50.9,76.5,63.5,52.9,67.9,27.5,66.5,61.2,69.9,73.6
452,"Smith County, Kansas",62.3,90.2,44.2,47.5,42.5,67.2,67.0,71.6,50.5,67.8,63.7
453,"Douglas County, Kansas",62.3,35.4,50.0,68.3,71.2,62.9,43.7,81.0,42.0,67.5,87.9
454,"Comal County, Texas",62.2,71.0,46.0,75.7,55.3,57.6,55.5,68.9,52.0,63.3,58.0
455,"Marathon County, Wisconsin",62.2,54.5,53.9,70.6,51.9,68.2,39.4,76.1,55.3,67.1,70.6
456,"Rio Blanco County, Colorado",62.2,63.0,51.2,53.4,46.6,71.9,70.4,77.7,37.1,76.9,61.5
457,"Roseau County, Minnesota",62.1,60.1,67.9,63.0,54.6,56.5,38.2,71.6,68.2,68.0,56.3
458,"Centre County, Pennsylvania",62.1,44.1,42.1,63.7,76.9,70.0,48.5,78.3,43.3,71.7,72.5
459,"Weber County, Utah",62.1,45.2,48.2,71.3,47.4,81.0,47.2,72.3,51.5,58.1,91.7
460,"New York County, New York",62.0,32.9,17.4,72.9,77.1,49.0,82.8,88.3,42.7,82.7,61.8
461,"Greene County, Ohio",62.0,45.0,57.7,66.3,74.4,51.1,42.6,67.6,56.9,65.0,82.6
462,"Frederick County, Virginia",62.0,62.5,64.9,72.8,58.0,59.9,47.8,65.4,63.0,61.4,44.9
463,"Wood County, Ohio",62.0,44.8,61.8,67.0,71.4,58.2,28.6,64.4,58.9,74.0,82.7
464,"Jackson County, Kansas",61.9,50.8,73.7,56.5,64.4,58.1,55.8,62.3,65.7,63.4,57.4
465,"Henry County, Iowa",61.9,49.9,65.8,57.8,56.8,78.1,39.3,65.0,58.9,65.6,77.0
466,"Charles County, Maryland",61.9,57.8,71.3,74.0,58.8,63.6,39.5,69.4,40.7,70.1,52.2
467,"Caledonia County, Vermont",61.9,52.8,70.4,52.5,67.2,66.2,61.9,69.1,47.9,65.3,52.3
468,"Wells County, Indiana",61.8,58.9,77.8,60.6,45.9,62.3,36.1,59.0,63.8,74.3,71.3
469,"Hamilton County, New York",61.8,84.3,78.9,44.6,33.0,88.5,53.9,74.3,44.1,70.5,29.0
470,"Campbell County, Wyoming",61.8,47.3,74.9,64.8,49.1,80.3,39.0,63.6,53.4,57.5,80.0
471,"Ottawa County, Ohio",61.8,61.1,76.9,56.0,66.5,50.5,31.4,60.0,64.9,69.8,70.4
472,"Westchester County, New York",61.8,38.9,12.3,81.0,81.5,61.8,70.3,85.7,34.9,91.8,46.7
473,"Burt County, Nebraska",61.8,67.5,68.7,52.9,46.8,64.0,53.1,70.2,56.8,68.0,57.2
474,"Buncombe County, North Carolina",61.8,55.1,48.5,67.7,52.7,71.9,46.7,75.3,47.7,63.6,78.1
475,"Clark County, Washington",61.7,54.3,55.1,67.0,52.3,64.4,53.0,76.8,47.4,62.3,70.3
476,"Snohomish County, Washington",61.7,51.3,50.9,78.3,56.2,40.1,62.3,78.9,46.1,64.6,66.7
477,"Davison County, South Dakota",61.7,39.2,56.2,62.7,54.3,80.4,30.8,83.7,64.1,53.9,83.5
478,"Atchison County, Missouri",61.7,54.5,61.6,58.7,65.9,60.3,36.1,61.4,71.5,81.5,60.6
479,"Greene County, Iowa",61.6,69.4,67.8,58.6,55.9,58.5,30.1,64.2,66.2,66.0,69.7
480,"Marion County, Kansas",61.6,56.1,70.4,53.6,46.8,51.4,60.8,73.8,53.0,67.0,69.9
481,"San Francisco County, California",61.6,36.7,24.6,82.8,70.7,60.7,82.0,96.5,30.7,52.2,56.1
482,"Box Butte County, Nebraska",61.6,40.3,71.6,55.6,61.8,67.4,36.5,65.0,61.9,63.0,90.2
483,"Laramie County, Wyoming",61.5,52.2,52.5,69.3,62.6,74.8,42.1,60.4,56.2,61.2,80.6
484,"Walsh County, North Dakota",61.5,55.3,70.1,55.7,44.6,69.7,48.5,65.1,74.9,63.4,62.1
485,"Sheridan County, Nebraska",61.5,52.8,61.9,48.5,60.8,78.3,61.4,73.3,55.6,59.6,55.9
486,"Republic County, Kansas",61.5,59.9,57.6,51.0,50.2,54.9,65.5,78.5,77.3,53.1,55.3
487,"Guadalupe County, Texas",61.5,65.8,58.3,72.9,63.6,43.7,36.8,65.2,55.4,67.6,70.3
488,"Carbon County, Montana",61.5,77.0,58.2,51.1,20.2,78.8,64.6,74.9,61.8,59.2,60.8
489,"Columbia County, New York",61.5,54.3,51.8,64.0,45.4,64.6,73.8,69.4,48.9,76.3,57.7
490,"Henry County, Ohio",61.4,53.6,74.1,56.2,62.4,58.7,41.6,62.9,63.7,62.5,71.0
491,"Rooks County, Kansas",61.4,56.6,58.5,51.8,53.7,63.7,48.4,67.4,69.2,76.3,66.3
492,"Price County, Wisconsin",61.4,61.9,67.3,52.0,44.4,79.7,62.8,72.6,55.0,65.7,42.2
493,"Ward County, North Dakota",61.4,40.8,62.7,69.8,56.3,66.5,31.3,76.6,61.3,67.2,70.6
494,"Waupaca County, Wisconsin",61.4,56.1,76.2,55.2,41.7,70.6,42.5,74.8,62.5,62.4,60.2
495,"Crow Wing County, Minnesota",61.4,62.1,68.5,61.7,43.1,70.7,53.0,75.2,44.8,53.9,65.2
496,"Winnebago County, Wisconsin",61.3,45.2,59.8,70.3,54.0,50.4,28.2,81.5,58.6,68.0,83.9
497,"Clay County, Minnesota",61.3,51.9,50.3,70.0,61.6,66.8,42.1,63.6,54.9,67.4,80.7
498,"Waseca County, Minnesota",61.3,54.5,51.7,60.7,58.1,76.8,38.1,67.5,50.0,80.9,73.1
499,"Yankton County, South Dakota",61.3,47.7,51.7,66.4,55.5,56.6,30.7,89.8,69.9,54.1,76.2
500,"Inyo County, California",61.3,46.2,47.8,52.5,56.3,80.9,72.9,70.7,53.6,61.6,70.5
